"full_name","order_date","order_id","revenue"
"Pamelia Newman","2018-04-16",1541,"29147.03"
"Melanie Hayes","2017-06-11",937,"27050.72"
"Abby Gamble","2018-04-08",1506,"25574.96"
"Sharyn Hopkins","2018-04-01",1482,"25365.43"
"Shena Carter","2018-01-25",1364,"24890.62"
"Abram Copeland","2017-06-05",930,"24607.03"
"Brigid Sharp","2018-01-15",1348,"20648.95"
"Augustina Joyner","2018-01-07",1334,"20509.43"
"Cindi Larson","2017-06-24",973,"20177.75"
"Adena Blake","2017-09-08",1118,"19329.95"
"Bess Mcbride","2018-01-15",1349,"18853.35"
"Penny Acevedo","2017-09-07",1115,"18670.93"
"Danielle Bond","2017-12-01",1277,"18553.73"
"Genoveva Baldwin","2018-04-27",1593,"18523.18"
"Shae Hickman","2017-12-14",1297,"18281.47"
"Jimmy Russell","2018-02-01",1377,"18278.94"
"Andreas Mayer","2017-06-14",946,"18114.93"
"Charmain Webster","2017-11-17",1251,"17834.96"
"Ashanti Hammond","2018-01-14",1345,"17758.35"
"Jenniffer Bullock","2017-08-15",1060,"17746.60"
"Ruthanne Franco","2018-02-27",1410,"17611.96"
"Paul Lester","2017-03-27",799,"17580.72"
"Edris Barrett","2017-10-04",1169,"17494.94"
"Tamela Harrell","2017-06-16",951,"17479.96"
"Ashlee Pena","2017-01-18",660,"17305.94"
"Lyndsey Bean","2018-04-27",1592,"17181.05"
"Sheryl Chase","2017-01-17",659,"17086.93"
"Ayanna Cherry","2017-01-31",685,"16950.08"
"Laure Pena","2017-05-15",892,"16890.15"
"Corrina Sawyer","2017-06-09",934,"16861.75"
"Alejandro Haney","2017-10-05",1170,"16846.95"
"Wynona Douglas","2017-08-26",1095,"16491.52"
"Klara Stanley","2017-02-27",736,"16436.07"
"Tameka Fisher","2018-03-27",1468,"15999.96"
"Thalia Dillard","2017-02-28",741,"15981.14"
"Samual Warner","2017-05-20",900,"15876.43"
"Teofila Fischer","2017-12-04",1283,"15747.75"
"Elinore Aguilar","2018-04-10",1515,"15645.92"
"Emmitt Sanchez","2017-07-23",1020,"15525.12"
"Consuela Collier","2017-01-08",645,"15455.63"
"Delmar Wise","2017-01-26",672,"15439.95"
"Elnora Simpson","2017-01-28",677,"15416.16"
"Parthenia Holman","2017-09-12",1122,"15205.93"
"Gilbert Calhoun","2017-10-30",1219,"15097.91"
"Kimberely Bowen","2017-03-06",755,"15087.26"
"Addie Hahn","2018-03-08",1428,"14935.03"
"Jeanie Kirkland","2017-07-02",987,"14904.62"
"Emmitt Sanchez","2018-04-09",1510,"14839.99"
"Candelaria Coffey","2017-03-24",797,"14735.42"
"Williemae Holloway","2018-04-06",1497,"14655.95"
"Guillermina Noble","2018-03-31",1476,"14573.93"
"Alissa Hood","2017-09-17",1129,"14567.16"
"Desmond Rose","2018-03-21",1460,"14566.43"
"Araceli Golden","2018-04-10",1513,"14544.95"
"Dortha Jarvis","2018-03-15",1438,"14405.05"
"Jana Thomas","2018-01-09",1336,"14397.14"
"Earlean Pena","2018-02-19",1402,"14249.65"
"Loreta Johnston","2017-06-14",945,"14172.22"
"Lorraine Marks","2017-05-23",904,"14141.34"
"Bridgette Guerra","2018-04-11",1516,"14035.93"
"Monty Frost","2017-10-09",1175,"13947.54"
"Dorothea Chang","2018-03-23",1463,"13821.53"
"Robby Sykes","2017-02-15",715,"13799.97"
"Sophia Mcmillan","2018-03-19",1450,"13773.63"
"Tammy Austin","2017-09-21",1140,"13765.55"
"Kasha Todd","2017-02-05",692,"13523.75"
"Debra Burks","2018-04-18",1555,"13431.06"
"Monica Sears","2018-04-26",1584,"13293.93"
"Alina Mcleod","2017-11-27",1271,"13287.53"
"Marlo Jefferson","2017-07-14",1003,"13242.96"
"Frederica Rojas","2018-03-14",1434,"13191.94"
"Reatha Perez","2017-01-20",664,"13130.83"
"Gilberte Duke","2017-04-21",853,"13107.44"
"Kiana Rivera","2017-11-04",1226,"13033.60"
"Lee Dunn","2017-06-03",927,"12980.94"
"Dorthea Walker","2016-08-07",359,"12965.75"
"Gilberto Parsons","2018-01-23",1362,"12935.95"
"Hedwig Paul","2018-04-16",1540,"12914.14"
"Cleopatra Tate","2017-08-12",1055,"12909.92"
"Bernardina Cooper","2017-10-31",1220,"12867.96"
"Olimpia Mays","2017-07-15",1006,"12774.25"
"Somer Jordan","2017-09-08",1117,"12663.96"
"Mila Moody","2017-06-21",968,"12595.07"
"Collene Knox","2017-03-18",787,"12541.76"
"Marget Hodge","2016-05-05",207,"12461.55"
"Letitia Franco","2017-03-29",804,"12433.46"
"Luke Kramer","2016-03-01",100,"12420.71"
"Cori Schwartz","2017-08-19",1080,"12400.85"
"Ira Erickson","2017-10-15",1189,"12392.95"
"Todd Waters","2018-01-12",1341,"12381.83"
"Minerva Decker","2018-01-06",1333,"12369.63"
"Ardelia Cooley","2016-12-12",608,"12334.96"
"Novella Ross","2017-04-15",839,"12307.96"
"Deloris Burke","2018-04-03",1487,"12259.94"
"Janetta Aguirre","2018-04-17",1550,"12117.73"
"Yevette Elliott","2017-03-12",774,"12104.79"
"Adelle Larsen","2018-04-08",1505,"12099.94"
"Hae Ramirez","2018-01-10",1338,"12089.98"
"Marvin Mullins","2018-04-17",1546,"12039.95"
"Chantell Bridges","2017-05-13",887,"11993.97"
"Sheba Knapp","2018-03-18",1449,"11972.93"
"Janie Herrera","2016-07-15",314,"11950.48"
"Merideth Preston","2017-12-16",1302,"11832.45"
"Margret Barnett","2017-09-01",1105,"11831.34"
"Terra Pickett","2017-11-23",1262,"11787.55"
"Lorrie Becker","2018-04-11",1520,"11710.94"
"Nova Hess","2018-04-11",1518,"11673.94"
"Lashawna Richardson","2017-04-27",860,"11596.43"
"Erlinda Humphrey","2017-05-11",884,"11588.65"
"Damien Dorsey","2018-04-16",1542,"11580.33"
"Lashandra Turner","2016-01-25",38,"11578.65"
"Deloris Larson","2016-07-12",310,"11479.54"
"Pinkie Kirkland","2017-09-13",1124,"11476.54"
"Efren Oliver","2017-11-06",1233,"11463.96"
"Christoper Mccall","2016-06-13",271,"11462.60"
"Carola Rodriquez","2018-04-26",1585,"11444.94"
"Kallie Best","2017-11-19",1257,"11428.65"
"Lanita Burton","2016-01-14",18,"11406.43"
"Yan Trevino","2017-11-19",1255,"11391.43"
"Gwendolyn Miller","2017-04-06",823,"11349.96"
"Ouida Gregory","2016-06-25",288,"11314.07"
"Shanice Spears","2017-12-09",1291,"11299.97"
"Dollie Cervantes","2017-06-26",982,"11238.65"
"Jeanice Frost","2017-12-20",1306,"11210.73"
"Tena Huber","2018-02-14",1393,"11183.04"
"Yvone Guerrero","2016-01-20",30,"11183.03"
"Fran Yang","2018-04-22",1570,"11159.99"
"Phebe Turner","2017-06-17",955,"11120.33"
"Yan Mcgowan","2018-04-10",1514,"11119.96"
"Cleotilde Booth","2018-04-12",1529,"11084.97"
"Alyse Jacobson","2017-09-05",1112,"11062.42"
"Danny Kim","2017-02-13",710,"11055.94"
"Eliana Reese","2017-05-23",905,"11035.85"
"Regina Burns","2016-06-22",282,"11013.93"
"Lizzette Stein","2017-11-07",1234,"11005.58"
"Celestine Kent","2017-10-28",1214,"10998.03"
"Trinidad Mcclain","2016-09-22",452,"10986.90"
"Zelma Browning","2018-04-12",1525,"10963.12"
"Ivelisse Nixon","2017-09-20",1137,"10951.56"
"Edythe Valencia","2017-05-09",882,"10949.95"
"Mozelle Carter","2018-04-29",1601,"10937.34"
"Tenisha Lyons","2018-04-19",1558,"10885.55"
"Delila Hamilton","2017-01-29",680,"10869.96"
"Elouise Fry","2016-03-16",124,"10866.96"
"Felicidad Golden","2017-01-06",639,"10794.35"
"Carita Salinas","2017-03-15",781,"10792.25"
"Coleen Navarro","2017-10-01",1162,"10728.44"
"Brittney Woodward","2018-04-14",1536,"10647.96"
"Leanna Manning","2016-05-06",208,"10620.04"
"Tereasa Bird","2017-02-15",717,"10617.97"
"Ashanti Parks","2018-04-15",1538,"10608.64"
"Shirely Stanley","2016-08-22",390,"10574.96"
"Zelma Browning","2017-02-16",718,"10572.54"
"Muriel Juarez","2018-01-15",1347,"10570.47"
"Emmaline Huber","2016-07-05",300,"10563.65"
"Arvilla Osborn","2017-11-05",1229,"10549.34"
"Hubert Stone","2017-02-20",728,"10541.96"
"Rosalva Hamilton","2017-06-16",949,"10529.96"
"Daryl Spence","2017-02-07",700,"10399.97"
"Petronila Norris","2018-04-21",1566,"10373.97"
"Lezlie Lamb","2016-11-15",558,"10372.09"
"Ernest Rollins","2016-09-28",466,"10360.26"
"Jasmin Young","2017-02-06",698,"10336.96"
"Bernetta Marquez","2017-02-26",732,"10322.97"
"Lavina Dejesus","2018-03-07",1425,"10314.92"
"Flossie Holder","2017-03-04",749,"10269.86"
"Jerlene Rios","2018-03-15",1439,"10266.95"
"Johnathan Velazquez","2016-01-01",1,"10231.05"
"Veronique Fulton","2016-05-15",223,"10216.24"
"Larae Carney","2017-04-17",846,"10187.95"
"Laraine Robbins","2016-09-10",429,"10186.74"
"Felica Munoz","2017-05-01",869,"10186.63"
"Veronika Rollins","2017-12-15",1300,"10132.36"
"Karla Kirk","2016-09-12",432,"10078.38"
"Mellisa Griffin","2017-08-04",1040,"10050.63"
"Mozelle Carter","2016-04-03",157,"10049.97"
"Aron Wiggins","2017-12-03",1282,"10047.42"
"Georgetta Hardin","2018-04-14",1534,"9986.45"
"Deanne Parsons","2018-01-13",1343,"9942.14"
"Tomasa Carson","2017-08-04",1041,"9938.95"
"Damien Dorsey","2017-02-05",694,"9934.13"
"Justa Thompson","2016-09-21",449,"9927.56"
"Letisha May","2017-10-28",1216,"9927.20"
"Florrie Little","2017-08-10",1053,"9919.92"
"Catarina Mendez","2017-11-03",1224,"9908.46"
"Rico Salas","2016-04-08",167,"9874.65"
"Vashti Rosario","2017-07-23",1023,"9865.47"
"Erna Sloan","2018-03-04",1420,"9849.07"
"Iola Rasmussen","2016-10-06",484,"9838.45"
"Ken Charles","2017-10-17",1191,"9833.65"
"Jenee Rasmussen","2018-04-26",1587,"9802.93"
"Mi Gray","2017-05-21",901,"9728.98"
"Harold O'connor","2017-07-09",993,"9725.84"
"Marguerite Berger","2018-02-02",1378,"9712.95"
"Lidia Ashley","2017-01-29",681,"9704.94"
"Octavia Case","2016-06-17",274,"9673.84"
"Benito Hendrix","2017-09-13",1123,"9645.38"
"Lizzie Joyner","2017-06-19",961,"9605.98"
"Fannie Jenkins","2018-03-26",1466,"9532.35"
"Marilyn Frank","2017-04-18",847,"9499.98"
"Adelaida Hancock","2016-09-29",468,"9497.17"
"Tobie Little","2018-02-26",1409,"9481.43"
"Katia Henry","2018-01-19",1355,"9479.96"
"Jennie Middleton","2016-11-22",566,"9474.94"
"Sharyn Hopkins","2016-01-04",6,"9442.50"
"Basilia Thornton","2016-10-01",476,"9408.79"
"Tonisha Fowler","2017-01-17",658,"9399.97"
"Lizzie Joyner","2018-04-04",1491,"9389.04"
"Barrett Sanders","2016-05-27",243,"9385.10"
"Nita Guy","2017-03-05",753,"9372.37"
"Macie Ayers","2017-04-16",844,"9334.51"
"Justina Long","2017-12-07",1287,"9327.74"
"James Robles","2018-02-15",1397,"9314.84"
"Rikki Morrow","2016-02-29",99,"9301.93"
"Trena Hudson","2017-05-04",874,"9287.94"
"Syreeta Hendricks","2017-01-21",665,"9279.96"
"Kami Rios","2016-09-24",457,"9278.65"
"Regine Gonzales","2018-04-17",1548,"9277.97"
"Donette Mccarthy","2017-03-18",785,"9274.97"
"Chelsey Hardin","2016-07-07",304,"9211.52"
"Tomika Wilder","2016-03-14",121,"9210.72"
"Tenisha Lyons","2018-02-12",1390,"9200.83"
"Debra Burks","2016-12-09",599,"9199.16"
"Moses Pope","2018-04-23",1575,"9182.23"
"Jamaal Morrison","2018-01-26",1366,"9173.38"
"Randolph Chase","2016-06-11",267,"9163.43"
"Corinna Adams","2017-06-22",970,"9161.95"
"Yanira Bradshaw","2017-03-28",802,"9157.76"
"Merlene Vinson","2017-08-08",1047,"9134.71"
"Buford Gilbert","2017-09-19",1133,"9044.93"
"Daryl Spence","2018-04-18",1556,"8987.73"
"Lavona Austin","2016-07-01",294,"8975.16"
"Lyndsey Bean","2018-09-06",1611,"8963.96"
"Caridad Compton","2017-12-24",1310,"8945.75"
"Stan Saunders","2018-03-24",1464,"8936.45"
"Bong Hebert","2017-10-19",1194,"8901.79"
"Luz House","2018-04-06",1499,"8897.88"
"Kasie Rodriquez","2016-04-04",161,"8879.45"
"Letty Cobb","2017-11-30",1276,"8820.15"
"Christel Barber","2016-11-16",559,"8816.95"
"Sarita Parks","2018-01-14",1346,"8797.05"
"Tonja Bean","2017-10-04",1168,"8787.13"
"Jeanice Frost","2018-04-13",1533,"8782.14"
"Euna Lopez","2016-02-14",75,"8763.96"
"Corrina Sawyer","2018-04-23",1578,"8750.96"
"Bettie Glover","2017-06-26",980,"8740.97"
"Jayne Kirkland","2018-01-01",1325,"8729.96"
"Ilona Spears","2017-12-22",1308,"8712.85"
"Titus Bullock","2018-04-20",1562,"8712.77"
"Leonore Dorsey","2016-04-07",164,"8696.07"
"Miquel Neal","2016-06-01",249,"8696.07"
"Dorine Roberson","2017-08-09",1049,"8683.75"
"Robena Hill","2018-07-01",1605,"8597.95"
"Eleni Gordon","2016-01-19",28,"8587.40"
"Brittni Green","2017-04-07",827,"8570.97"
"Deja Chaney","2016-09-11",430,"8561.26"
"Eli Contreras","2016-05-24",235,"8550.05"
"Omega Huff","2016-07-28",338,"8534.37"
"Margorie Wynn","2017-09-19",1132,"8498.46"
"Corrinne Garrison","2017-12-07",1288,"8481.90"
"Rozanne Reyes","2016-06-17",275,"8476.52"
"Meredith Bryan","2016-09-17",439,"8474.16"
"Santa Larson","2018-01-19",1356,"8445.95"
"Stephaine Riddle","2016-05-25",236,"8429.95"
"Juliane Dillard","2016-10-22",518,"8394.47"
"Bettie Pierce","2017-03-09",767,"8392.94"
"Christiane Bradford","2016-08-17",375,"8376.92"
"Irving Pitts","2016-10-27",527,"8359.22"
"Salena Day","2016-08-31",403,"8342.94"
"Minnie Compton","2017-10-31",1221,"8336.42"
"Rey Lindsay","2018-01-28",1370,"8327.95"
"Lissa Vargas","2016-03-18",128,"8309.93"
"Dwain Carlson","2017-02-19",725,"8309.44"
"Regine Odom","2018-01-22",1361,"8303.37"
"Gena Owens","2016-03-21",136,"8299.97"
"Saturnina Garner","2016-08-22",389,"8281.30"
"Rodolfo Buck","2016-02-21",88,"8280.54"
"Rudolph Velez","2017-11-26",1269,"8263.87"
"Garry Espinoza","2018-04-22",1572,"8237.95"
"Vince Schneider","2017-03-29",805,"8204.53"
"Casimira Chapman","2016-12-06",590,"8200.73"
"Cris Dunn","2016-06-21",281,"8177.05"
"Kara Higgins","2018-01-15",1350,"8127.95"
"Gertha Mejia","2017-03-22",792,"8109.95"
"Aimee Merritt","2017-05-15",891,"8096.45"
"Vallie Dixon","2016-09-20",447,"8083.96"
"Marquerite Dawson","2017-02-13",712,"8072.33"
"Merrie Fowler","2016-05-22",234,"8069.66"
"Brigida Larson","2016-03-03",103,"8062.12"
"Shu Mays","2017-03-13",777,"8056.77"
"Cesar Jackson","2018-04-23",1577,"8025.87"
"Tommie Cooley","2017-12-02",1281,"8011.31"
"Lenore Valdez","2017-03-30",807,"8009.03"
"Ester Acevedo","2018-03-07",1424,"7999.98"
"Ocie Slater","2017-10-01",1163,"7999.96"
"Arline Lawson","2017-10-14",1185,"7995.80"
"Edgar Quinn","2016-01-20",31,"7993.87"
"Melodie Melton","2017-12-16",1303,"7984.94"
"Omer Estrada","2016-11-27",579,"7975.97"
"Cecilia Camacho","2017-06-26",981,"7971.23"
"Latashia Travis","2016-05-20",232,"7967.41"
"Yuk Vega","2018-03-30",1475,"7952.05"
"Alishia Elliott","2018-01-13",1344,"7951.15"
"Ja Dillard","2018-01-27",1367,"7947.44"
"Jenine Dawson","2018-01-02",1327,"7938.94"
"Clorinda Donovan","2016-08-07",360,"7932.95"
"Viva Dawson","2016-04-27",192,"7918.84"
"Farrah Orr","2016-10-29",534,"7900.43"
"Kasha Sullivan","2016-04-28",195,"7855.24"
"Omega Johnston","2016-10-26",525,"7848.26"
"Vonda Berger","2016-11-30",580,"7824.04"
"Courtney Wyatt","2017-08-17",1068,"7823.94"
"Odette Moses","2016-08-20",385,"7791.06"
"Janine Manning","2017-05-23",906,"7783.42"
"Tajuana Rollins","2017-11-17",1249,"7782.87"
"Carson Macias","2017-02-04",691,"7747.74"
"Theo Reese","2018-04-11",1519,"7744.69"
"Dannette Guerrero","2017-07-29",1029,"7719.96"
"Latasha Stanley","2018-04-12",1526,"7712.46"
"Nevada Hood","2016-12-23",622,"7688.27"
"Floretta Higgins","2016-12-10",604,"7681.12"
"Zora Ford","2018-02-15",1395,"7663.95"
"Julianne Shannon","2018-03-15",1440,"7659.34"
"Brittney Rojas","2016-09-26",461,"7601.15"
"Magali Dixon","2016-06-18",276,"7587.52"
"Malisa Mitchell","2017-09-27",1149,"7575.35"
"Ellena Clements","2016-02-17",79,"7568.05"
"Terrance Lynn","2017-12-04",1284,"7536.16"
"Barton Crosby","2017-10-21",1197,"7526.04"
"Barbra Dickerson","2017-01-14",653,"7520.04"
"Guillermina Noble","2018-04-02",1484,"7487.15"
"Barbera Riggs","2017-08-17",1067,"7486.33"
"Cinda Rocha","2016-08-03",351,"7482.14"
"Teofila Fischer","2018-04-08",1507,"7447.33"
"Rona Rojas","2017-07-26",1026,"7439.98"
"Lorrie Pollard","2016-04-22",188,"7439.98"
"Regenia Vaughan","2018-04-09",1511,"7435.51"
"Lashawn Ortiz","2016-05-27",239,"7404.51"
"Mazie Fernandez","2018-03-11",1431,"7394.96"
"Myron Ruiz","2017-06-05",929,"7350.46"
"Robby Sykes","2018-04-23",1576,"7350.11"
"Gabriela Warren","2016-07-04",296,"7345.74"
"Caleb England","2017-01-19",662,"7339.42"
"Chantay Maynard","2017-08-19",1078,"7327.04"
"Diane Jones","2018-03-01",1412,"7256.77"
"Kermit Bowman","2017-08-22",1087,"7253.62"
"Shery Randolph","2016-06-11",268,"7251.97"
"Abby Gamble","2017-12-27",1318,"7228.05"
"Trinity Riddle","2017-09-01",1104,"7211.72"
"Neil Mccall","2016-01-05",9,"7199.98"
"Virgen Clemons","2017-05-03",872,"7184.97"
"Ricki Bullock","2017-08-13",1058,"7183.32"
"Tonda Armstrong","2017-07-13",1001,"7179.98"
"Rochell Cantrell","2016-09-13",434,"7176.21"
"Karole Alvarez","2017-10-14",1186,"7159.96"
"Carmelina Sellers","2017-02-11",709,"7157.35"
"Rutha Howell","2017-05-30",918,"7143.66"
"Felice Guzman","2018-04-29",1598,"7141.97"
"Herminia Reyes","2016-09-01",410,"7139.95"
"Milagros Weber","2017-01-12",652,"7130.54"
"Elma Molina","2017-02-15",716,"7111.04"
"Lucas Estes","2016-10-25",524,"7105.78"
"Regenia Vaughan","2017-08-17",1065,"7093.75"
"Keturah Reid","2017-10-12",1179,"7091.94"
"Tangela Quinn","2018-04-20",1559,"7084.45"
"Herlinda Stone","2017-07-23",1021,"7067.96"
"Melia Brady","2018-04-12",1524,"7066.06"
"Jesus Burch","2017-04-27",862,"7063.46"
"Tempie Jacobson","2017-10-13",1182,"7049.67"
"Joeann Garrison","2016-06-05",257,"7045.16"
"Sherie Ayala","2016-12-08",595,"7042.67"
"Stacie Sims","2017-11-06",1232,"7040.85"
"Leigh Burke","2017-01-18",661,"7022.96"
"Renna Williams","2017-08-20",1083,"7021.15"
"Zoraida Patton","2017-02-08",703,"7004.84"
"Cassie Cline","2017-07-30",1036,"6987.25"
"Elvia Cardenas","2017-01-25",671,"6978.72"
"Celestine Jacobs","2018-02-11",1389,"6971.55"
"Charolette Rice","2018-04-17",1544,"6967.17"
"Cecil Hopper","2016-06-06",258,"6961.09"
"Jayson Rutledge","2016-10-04",481,"6947.95"
"Melia Brady","2017-12-11",1295,"6945.77"
"Elaina Key","2017-07-30",1034,"6929.10"
"Mable Pratt","2017-01-17",657,"6912.17"
"Tobie Little","2017-10-12",1177,"6905.97"
"Casey Gill","2016-02-27",95,"6902.47"
"Hue May","2018-03-20",1456,"6887.14"
"Laraine Robbins","2017-04-01",810,"6881.76"
"Javier Nichols","2016-09-16",438,"6872.94"
"Ronna Butler","2016-12-09",598,"6868.95"
"Lavette Wright","2016-02-21",86,"6866.94"
"Lynwood Jackson","2018-02-08",1385,"6843.94"
"Kellye Campbell","2017-07-23",1024,"6829.53"
"Nichelle Rosario","2017-03-19",790,"6824.97"
"Sarai Mckee","2016-01-22",34,"6822.58"
"Marvin Mullins","2016-01-06",12,"6816.92"
"Hortencia Graham","2016-03-19",131,"6815.95"
"Wilda Petersen","2018-03-28",1470,"6813.75"
"Yu Mcdonald","2017-03-13",776,"6804.96"
"Deirdre Ryan","2018-01-25",1365,"6803.97"
"Bethany Herring","2016-11-14",557,"6794.08"
"Siobhan Lang","2017-04-13",837,"6793.97"
"Chere Mcfadden","2016-09-29",469,"6784.96"
"Aleta Shepard","2016-11-09",547,"6782.76"
"Londa Gould","2017-06-22",971,"6782.34"
"Charlene Norris","2016-12-17",613,"6764.57"
"Sharie Whitaker","2017-11-04",1227,"6762.14"
"Katharina Bates","2016-11-13",554,"6756.46"
"Vito Pickett","2017-06-27",983,"6754.94"
"Tressa Weiss","2017-06-07",931,"6749.97"
"Lavonne Anderson","2016-03-27",145,"6744.77"
"Marjory Leonard","2017-09-21",1139,"6723.08"
"Elmira Levy","2018-02-08",1384,"6718.55"
"Stefani Gamble","2016-12-12",609,"6715.43"
"Josephine Dale","2016-01-30",48,"6712.85"
"Jone Bernard","2018-04-27",1590,"6710.96"
"Cicely Deleon","2018-01-05",1331,"6701.46"
"Lucio Sherman","2017-08-21",1086,"6672.29"
"Mina Carrillo","2017-08-29",1101,"6671.60"
"Kristofer Craig","2016-09-02",413,"6659.96"
"Dottie Roberts","2017-02-08",704,"6654.47"
"Le Deleon","2016-09-05",421,"6611.12"
"Blanca Hooper","2017-03-15",779,"6602.95"
"Lashunda Cole","2017-09-02",1107,"6591.98"
"Collene Roman","2017-04-15",840,"6578.97"
"Kaley Blanchard","2017-11-09",1237,"6578.93"
"Octavia Donaldson","2016-10-15",508,"6543.06"
"Latoya Johns","2018-03-07",1427,"6530.91"
"Lyndsey Bean","2017-08-14",1059,"6530.06"
"Kanesha Vega","2016-05-27",240,"6527.64"
"Sarita Parks","2018-12-28",1615,"6516.97"
"Yvone Yates","2017-11-04",1225,"6515.96"
"Kate Barber","2017-09-19",1135,"6495.97"
"Corene Wall","2018-04-23",1573,"6495.53"
"Vikki Erickson","2016-03-03",105,"6489.57"
"Arcelia Vinson","2016-07-19",321,"6479.94"
"Ann Heath","2017-03-06",754,"6468.23"
"Adriene Rivera","2016-04-08",165,"6462.46"
"Van Peters","2016-06-29",292,"6448.29"
"Anisha Lang","2016-07-29",340,"6416.59"
"Carola Rodriquez","2016-05-17",224,"6416.26"
"Coleman Boyd","2017-05-08",881,"6412.55"
"Tomasa Carson","2018-04-17",1551,"6399.98"
"Matilda Larson","2016-06-08",262,"6397.47"
"Damian Mills","2018-03-16",1443,"6396.96"
"Oliva Blackwell","2017-07-19",1014,"6382.95"
"Jeromy Burch","2018-04-27",1591,"6357.92"
"Ronna Butler","2018-04-27",1589,"6355.96"
"Verda Gilbert","2017-01-04",638,"6349.36"
"Ivette Warren","2016-10-03",479,"6335.66"
"Chelsey Boyd","2016-03-17",127,"6332.94"
"Shiloh Bates","2017-03-07",761,"6330.57"
"Ji Burt","2016-10-08",491,"6319.95"
"Bobbie Foster","2016-11-12",549,"6278.84"
"Drucilla Gilliam","2016-01-16",23,"6265.96"
"Dionne Norris","2017-04-09",828,"6261.96"
"Joaquin Hawkins","2018-02-07",1383,"6259.27"
"Norine Huffman","2016-01-14",19,"6240.55"
"Mercy Brown","2017-05-08",880,"6239.28"
"Tammie Cherry","2016-04-28",196,"6239.09"
"Hilda Harvey","2016-09-17",440,"6229.12"
"Moira Lester","2017-02-21",730,"6196.64"
"Jewel Sparks","2016-11-02",539,"6187.15"
"Stefany Potter","2018-02-16",1399,"6183.56"
"Shila White","2016-10-21",516,"6177.77"
"Raymonde Garcia","2016-08-15",370,"6169.96"
"Buford Bridges","2016-11-13",555,"6155.96"
"Lois Steele","2016-10-23",522,"6152.65"
"Alisia Albert","2018-03-27",1469,"6150.94"
"Latasha Stanley","2016-06-25",286,"6142.14"
"Louanne Martin","2018-04-11",1517,"6127.96"
"Lorrie Becker","2016-06-01",252,"6126.87"
"Dorthey Jackson","2018-11-28",1614,"6104.04"
"Tiny French","2018-03-03",1414,"6102.96"
"Shona Mcmillan","2017-06-18",958,"6089.98"
"Annett Rush","2016-05-26",238,"6089.93"
"Vicki Wiggins","2017-07-07",992,"6074.05"
"Shantae Hammond","2016-12-28",633,"6068.95"
"Fran Yang","2016-10-22",519,"6065.45"
"Erlinda Nielsen","2016-04-30",197,"6034.97"
"Daisy Ward","2017-11-16",1247,"6023.95"
"Santos Valencia","2016-12-29",634,"6004.97"
"Jeromy Elliott","2016-10-16",509,"5989.97"
"Ruthanne Hoover","2016-04-27",191,"5989.94"
"Delma Bailey","2017-05-13",886,"5984.98"
"Shara Pope","2017-02-10",708,"5959.07"
"Aaron Knapp","2016-02-20",85,"5927.55"
"Josef Greer","2017-05-20",898,"5925.56"
"Conrad Mueller","2017-06-02",925,"5925.47"
"Laurel Schultz","2018-03-14",1435,"5923.96"
"Dorthey Jackson","2017-03-09",770,"5922.91"
"Trista Lambert","2017-08-28",1100,"5922.47"
"Danille Mcfarland","2016-03-12",118,"5909.61"
"Linnie Branch","2018-08-25",1610,"5894.66"
"Oralia Farley","2017-09-10",1119,"5893.56"
"Rosamaria Meyer","2016-05-19",231,"5893.55"
"Karren Stevenson","2018-01-30",1374,"5891.16"
"Deane Sears","2017-05-22",903,"5887.34"
"Nicolas Carlson","2017-12-24",1311,"5863.45"
"Conchita Boone","2017-03-27",800,"5851.93"
"Adam Thornton","2016-09-16",437,"5841.52"
"Tuyet Rosa","2017-03-09",765,"5841.10"
"Mellie Puckett","2018-01-01",1324,"5835.86"
"Valeri Marshall","2017-10-15",1187,"5834.14"
"Emanuel Mckee","2018-03-28",1471,"5833.97"
"Deloris Burke","2016-11-27",575,"5833.97"
"Jeni Booker","2017-02-28",738,"5812.55"
"Allison Nolan","2016-05-01",198,"5809.48"
"Nenita Mooney","2017-11-26",1268,"5806.04"
"Shonta Preston","2017-03-23",794,"5801.93"
"Leone Emerson","2016-11-26",574,"5779.82"
"Katherin Clark","2018-02-26",1408,"5777.77"
"Tora Dunlap","2016-12-25",627,"5775.54"
"Effie Jenkins","2017-06-30",985,"5768.21"
"Karl Stephens","2017-04-11",832,"5745.96"
"Trang Hardin","2017-09-29",1152,"5732.47"
"Reena Higgins","2016-03-29",150,"5728.93"
"Sherril Alvarado","2017-08-07",1046,"5723.74"
"Sharie Alvarez","2016-03-14",120,"5716.60"
"Hollis Rasmussen","2016-07-25",334,"5709.96"
"Josh Shaw","2016-07-24",329,"5701.11"
"Shenna Espinoza","2016-03-16",126,"5699.98"
"Ling Newman","2017-12-01",1279,"5699.98"
"Phuong Wolf","2017-08-24",1091,"5686.58"
"Rayna Perry","2016-07-05",299,"5672.28"
"Randee Pitts","2016-01-14",20,"5671.13"
"Janetta Aguirre","2017-12-31",1322,"5665.76"
"Shantel Gregory","2016-01-23",36,"5644.92"
"Bettye Espinoza","2017-11-04",1228,"5627.96"
"Lanora Robbins","2016-05-08",212,"5600.06"
"Maira Long","2017-11-10",1240,"5588.52"
"Larissa Hays","2016-08-05",358,"5588.34"
"Latasha Hays","2018-04-13",1532,"5579.98"
"Sheila Travis","2018-01-01",1326,"5579.96"
"Dagny Owen","2016-07-14",313,"5578.13"
"Aubrey Durham","2016-04-10",170,"5565.56"
"Ciera Koch","2017-02-06",699,"5557.33"
"Jeromy Burch","2017-11-29",1275,"5549.98"
"Quyen Houston","2017-01-31",684,"5537.98"
"Heather Chaney","2017-11-09",1238,"5528.96"
"Dung Reid","2018-02-09",1386,"5515.96"
"Hermila Mckay","2017-07-06",991,"5498.37"
"Conception Slater","2016-08-20",384,"5478.95"
"Marjorie Logan","2018-04-29",1600,"5470.37"
"Charolette Rice","2016-11-24",571,"5454.98"
"Corene Wall","2017-10-01",1157,"5454.45"
"Bella Perez","2018-02-23",1404,"5444.96"
"Renita Henry","2017-05-20",899,"5442.07"
"Romelia Myers","2017-08-10",1052,"5440.36"
"Carie Kidd","2016-04-10",169,"5431.90"
"Cameron Carroll","2018-01-30",1375,"5419.97"
"Georgina Gonzales","2017-08-06",1043,"5417.97"
"Ashanti Parks","2017-02-09",707,"5416.44"
"Carissa Cross","2016-01-28",45,"5404.06"
"Kellie Franco","2018-02-25",1405,"5399.98"
"Jamaal Albert","2016-09-19",444,"5395.24"
"Lolita Mosley","2018-04-28",1597,"5393.98"
"Selene Austin","2017-02-02",687,"5382.05"
"Jackeline Colon","2016-01-18",26,"5342.16"
"Iva Wilcox","2016-07-31",343,"5338.96"
"Genoveva Lloyd","2017-06-18",960,"5333.34"
"Renay Atkins","2018-02-06",1382,"5332.95"
"Earl Stanley","2017-12-17",1305,"5315.90"
"Bong Hebert","2018-04-21",1568,"5306.59"
"Jone Bernard","2017-06-14",944,"5299.53"
"Bev Chang","2018-03-04",1418,"5291.97"
"Kimbery Nieves","2016-01-21",32,"5270.94"
"Debra Burks","2018-11-18",1613,"5257.97"
"Yang Giles","2017-09-14",1126,"5244.96"
"Claris Santiago","2017-04-04",818,"5231.85"
"Myesha Burgess","2017-06-15",947,"5226.66"
"Ginette Edwards","2016-06-06",259,"5225.95"
"Nicholas Vazquez","2017-06-16",950,"5224.99"
"Melba Wilkinson","2016-04-15",176,"5224.55"
"Eliseo Knight","2017-04-14",838,"5220.47"
"Vernia Madden","2016-09-03",414,"5219.98"
"Ashleigh Frank","2017-06-17",954,"5219.98"
"Lorrie Becker","2017-05-13",885,"5188.48"
"Robena Hill","2017-12-01",1280,"5185.83"
"Elinore Aguilar","2016-11-13",556,"5179.98"
"Virgina Berg","2017-01-24",670,"5154.15"
"Alysia Nicholson","2017-03-09",764,"5126.95"
"Cheree Hale","2017-07-27",1028,"5122.35"
"Katelin Kennedy","2017-09-18",1130,"5119.98"
"Majorie Wyatt","2016-08-16",373,"5119.35"
"Sung Chambers","2017-11-27",1273,"5115.96"
"Dante Grimes","2016-08-17",374,"5114.09"
"Novella Patel","2017-05-30",920,"5107.86"
"Charolette Rice","2016-06-10",264,"5098.14"
"Loreen Byers","2016-11-23",570,"5090.42"
"Chasidy Tran","2016-08-29",398,"5080.62"
"Hipolito Padilla","2017-04-15",841,"5062.34"
"Major Merrill","2016-07-25",333,"5055.11"
"Ashleigh Finch","2016-10-29",533,"5024.16"
"Alline Beasley","2016-08-29",400,"5022.96"
"Katharina Bates","2018-04-24",1579,"5019.95"
"Larraine Horn","2017-04-01",811,"5017.86"
"Lise Hebert","2017-02-05",693,"5015.74"
"Ai Forbes","2016-06-09",263,"5014.96"
"Kandace Ayers","2016-04-09",168,"5004.60"
"Ernestina Skinner","2016-07-20",325,"4991.97"
"Shanda Stevenson","2018-03-20",1457,"4960.46"
"Inocencia Key","2017-09-04",1110,"4949.99"
"Romeo Steele","2017-06-26",979,"4922.95"
"Dewayne Herring","2016-09-06",423,"4921.15"
"Melani Jarvis","2016-11-04",542,"4918.37"
"Wai Soto","2017-10-14",1183,"4912.16"
"Jamika Blanchard","2016-05-17",228,"4911.44"
"Genevieve Juarez","2016-08-31",405,"4890.37"
"Latosha Dalton","2016-04-18",181,"4877.41"
"Yolando Wade","2016-10-28",530,"4873.96"
"Parker Prince","2018-04-16",1543,"4868.53"
"Yevette Todd","2018-01-20",1357,"4863.97"
"Melanie Hayes","2018-04-17",1552,"4862.97"
"Margert Stevens","2016-12-27",632,"4851.14"
"Margaretta Clayton","2016-12-26",629,"4835.38"
"Eleanor Mendez","2017-11-23",1263,"4829.18"
"Krissy Ochoa","2017-09-14",1125,"4814.63"
"Elinore Aguilar","2016-08-23",391,"4810.56"
"Theresia Barron","2016-03-08",113,"4803.63"
"Arnita Thomas","2016-06-10",265,"4799.98"
"Elenore Hensley","2017-10-27",1212,"4789.73"
"Yahaira Robertson","2016-11-27",578,"4784.16"
"Margit Osborn","2016-02-03",53,"4781.93"
"Saturnina Garner","2018-04-12",1521,"4779.95"
"Deandrea Cox","2016-12-04",584,"4778.02"
"Genoveva Baldwin","2016-02-16",76,"4776.79"
"Enoch Rosario","2016-10-15",507,"4776.04"
"Alfredo Dodson","2017-06-26",977,"4766.83"
"Keturah Massey","2016-03-28",146,"4765.43"
"Chauncey Donaldson","2017-02-05",696,"4762.46"
"Erik Leblanc","2018-02-14",1394,"4749.98"
"Lashawn Ortiz","2018-04-12",1527,"4747.36"
"Bobbi Banks","2016-11-11",548,"4746.63"
"Spring Hayes","2018-01-27",1368,"4737.26"
"Santos Valencia","2018-04-01",1480,"4714.13"
"Emmett Hahn","2018-03-16",1442,"4700.06"
"Laverna Hernandez","2016-08-31",404,"4699.96"
"Monika Berg","2016-03-20",132,"4694.96"
"Raven Curtis","2016-06-20",278,"4692.86"
"Thurman Ellis","2016-02-27",94,"4689.46"
"Ayana Keith","2018-01-04",1329,"4685.10"
"Garry Espinoza","2016-08-05",357,"4678.76"
"Beatris Joyner","2016-11-12",551,"4665.55"
"Andy O'neill","2016-09-25",458,"4655.04"
"Marry Benjamin","2016-09-28",467,"4654.95"
"Aileen Marquez","2016-12-08",596,"4644.91"
"Justina Jenkins","2016-07-04",297,"4639.98"
"Cindie Franklin","2016-02-26",93,"4633.85"
"Janna Hayden","2016-07-04",298,"4624.94"
"Kanesha Vega","2018-04-20",1561,"4623.96"
"Evelina Manning","2016-05-19",229,"4617.76"
"Brenda Tate","2016-05-01",201,"4616.01"
"Clelia Workman","2016-08-20",382,"4571.07"
"Scarlet Yates","2016-05-29",245,"4563.09"
"Adelle Larsen","2016-04-19",183,"4551.11"
"Marcel Lindsay","2016-10-19",515,"4544.85"
"Patrina Tanner","2017-04-01",812,"4539.97"
"Charlyn Cantrell","2016-07-11",308,"4534.38"
"Zina Bonner","2018-04-06",1498,"4527.97"
"Regine Gonzales","2016-03-26",142,"4523.33"
"Carolann Russell","2018-03-03",1415,"4521.88"
"Genny Hensley","2017-06-12",941,"4507.61"
"Rebbecca Espinoza","2016-10-24",523,"4503.75"
"Ruth Horton","2018-01-09",1337,"4499.99"
"Ileana Holt","2017-02-08",705,"4499.99"
"Carmina Emerson","2016-09-02",412,"4497.58"
"Gilberto Sanders","2017-01-14",654,"4497.00"
"Nathaniel Richard","2016-11-21",565,"4495.27"
"Jerri Guthrie","2016-09-12",433,"4477.17"
"Alexandria Zamora","2016-03-21",135,"4475.46"
"Ara Vazquez","2017-01-10",649,"4466.65"
"Bernita Mcdaniel","2016-07-07",303,"4464.96"
"Herta Rollins","2017-01-20",663,"4464.66"
"Olevia Pitts","2018-04-03",1488,"4463.98"
"Hilde Nieves","2017-09-23",1142,"4459.22"
"Cinthia Poole","2018-03-03",1416,"4458.96"
"Amina Salazar","2016-08-14",368,"4447.72"
"Risa Gallagher","2017-10-26",1205,"4445.06"
"Carley Reynolds","2018-04-26",1586,"4443.75"
"Jovita Bishop","2016-12-13",610,"4436.60"
"Lazaro Moran","2016-02-09",67,"4422.94"
"Kasha Todd","2017-08-21",1084,"4410.36"
"Lurlene Cotton","2018-03-18",1447,"4399.99"
"Judith Finley","2017-05-28",915,"4397.96"
"Lizzette Stein","2017-10-27",1211,"4394.94"
"Sarah Kirkland","2017-02-05",695,"4387.97"
"Graig Cannon","2017-05-26",911,"4369.34"
"Elenore William","2017-02-25",731,"4334.06"
"Andria Rivers","2017-10-26",1210,"4327.03"
"Graig Roth","2016-04-16",178,"4318.45"
"Carter Bentley","2017-06-13",942,"4318.01"
"Porter Bass","2017-12-25",1315,"4305.96"
"Christiana Gross","2016-08-20",386,"4299.96"
"Jule Davenport","2017-10-04",1167,"4298.45"
"Crystle Gilliam","2017-07-29",1030,"4296.18"
"Afton Juarez","2016-08-14",367,"4279.57"
"Delfina Gilliam","2018-01-07",1335,"4274.98"
"Sharika Colon","2016-12-09",600,"4271.11"
"Tameka Fisher","2018-04-06",1496,"4270.44"
"Annis Sanchez","2017-01-09",646,"4269.96"
"Gertrud Rhodes","2018-04-02",1485,"4255.98"
"Lissa Vargas","2018-04-05",1495,"4242.07"
"Eliana Silva","2017-11-24",1264,"4236.35"
"Nathalie Knowles","2017-10-28",1215,"4231.12"
"Nicola Knight","2018-01-16",1352,"4226.23"
"Lory Page","2016-10-19",513,"4214.97"
"Trudy Riddle","2017-03-15",782,"4214.95"
"Ollie Zimmerman","2017-11-18",1252,"4210.37"
"Tajuana Riddle","2017-05-30",919,"4205.98"
"Pamala Henry","2016-01-19",27,"4205.96"
"Gustavo Gamble","2017-09-10",1120,"4204.53"
"Louise Flowers","2018-03-22",1462,"4196.96"
"Gabriel Wagner","2016-02-12",73,"4196.03"
"Collen Dennis","2017-02-03",690,"4195.31"
"Carmela Hays","2016-12-25",625,"4186.53"
"Kendra Harrington","2017-02-28",740,"4171.95"
"Olympia Figueroa","2016-01-28",44,"4169.98"
"Lory Berg","2016-10-14",506,"4169.98"
"Tonda Webb","2016-10-26",526,"4169.35"
"Dale Rasmussen","2017-02-13",711,"4167.85"
"Penni Best","2017-07-14",1002,"4162.86"
"Verona O'neill","2016-01-21",33,"4157.97"
"Annett Garrett","2017-04-04",817,"4156.69"
"Scarlet Reed","2017-03-05",752,"4147.66"
"Mallie Osborn","2016-07-17",318,"4135.96"
"Abbey Pugh","2016-04-08",166,"4132.99"
"Lillia Gillespie","2017-10-01",1164,"4130.34"
"Genoveva Tyler","2016-11-24",572,"4125.56"
"Dung King","2017-04-15",842,"4115.97"
"Kimberley Reynolds","2016-05-30",248,"4109.07"
"Marisa Chambers","2016-05-01",199,"4105.11"
"Ana Palmer","2017-03-26",798,"4100.44"
"Marni Bolton","2016-06-28",290,"4095.01"
"Kam Wilder","2017-04-25",858,"4094.85"
"Sindy Anderson","2016-01-12",17,"4092.86"
"Ladawn Downs","2016-09-25",460,"4067.66"
"Maryalice Henry","2017-03-03",748,"4064.84"
"Angella Bridges","2017-03-09",769,"4062.33"
"Armand Whitehead","2018-04-02",1486,"4050.45"
"Ophelia Rodgers","2016-06-03",255,"4044.85"
"Rufina Chandler","2016-07-16",315,"4044.78"
"Fairy Robinson","2018-03-20",1454,"4041.15"
"Joi Reeves","2016-05-03",202,"4038.50"
"Reyes Merritt","2016-07-31",342,"4037.96"
"Raeann Duncan","2018-01-12",1340,"4030.96"
"Ellsworth Michael","2016-01-09",15,"4030.06"
"Tiesha Daniel","2016-07-21",327,"4029.06"
"Rudolf Moran","2017-04-18",848,"4017.44"
"Ronna Butler","2017-08-25",1092,"4015.65"
"Nelle Beck","2017-05-05",875,"4012.65"
"Valentin Mclaughlin","2017-04-25",859,"4001.92"
"Jamaal Albert","2018-04-18",1553,"4000.16"
"Max Charles","2016-02-17",81,"3998.36"
"Olevia Noel","2016-09-19",445,"3997.97"
"Julia Joyner","2017-09-30",1155,"3995.62"
"Sharyn Brewer","2017-11-13",1246,"3994.46"
"Denis Logan","2016-02-07",62,"3977.05"
"Whitley Cannon","2017-08-27",1097,"3975.23"
"Le Wood","2016-12-21",617,"3974.63"
"Loraine Sykes","2017-04-17",845,"3960.43"
"Wendie Nash","2017-09-18",1131,"3950.36"
"Toshia Cardenas","2017-01-29",682,"3935.97"
"Janae Doyle","2017-09-11",1121,"3920.66"
"Lee Roman","2016-08-29",399,"3911.86"
"Anderson Martin","2016-12-11",607,"3900.66"
"Arla Ellis","2016-01-03",5,"3900.06"
"Monica Sears","2018-03-01",1411,"3899.98"
"Arielle Levine","2016-08-13",366,"3899.97"
"Caren Stephens","2018-04-17",1549,"3899.45"
"Henrietta Wagner","2016-05-03",203,"3891.51"
"Cher Alston","2018-01-02",1328,"3866.05"
"Aida Koch","2018-01-29",1371,"3865.77"
"Donnetta Henson","2017-02-16",721,"3860.15"
"Laureen Barry","2016-01-20",29,"3859.93"
"Weldon Michael","2016-06-01",250,"3840.88"
"Joesph Delacruz","2016-02-06",60,"3831.85"
"Carline Collier","2017-12-30",1321,"3824.06"
"Lewis Garner","2017-07-12",1000,"3818.29"
"Georgeann Rojas","2017-04-01",813,"3818.21"
"Darcel Harmon","2016-10-04",480,"3816.46"
"Delbert Wilkins","2016-06-25",287,"3810.82"
"Olevia Pitts","2016-06-23",283,"3809.97"
"Winfred Harris","2017-03-30",806,"3804.92"
"Nettie Mcdaniel","2017-07-20",1017,"3801.65"
"Son Warner","2016-08-28",397,"3799.99"
"Verna Solis","2017-11-24",1265,"3799.16"
"Jane Henderson","2017-12-16",1301,"3793.16"
"Tameka Fisher","2018-10-21",1612,"3781.13"
"Travis Whitley","2016-01-25",39,"3768.94"
"Reita Dickson","2018-03-17",1445,"3766.63"
"Tiesha Daniel","2018-04-06",1502,"3764.09"
"Han Wade","2016-08-19",380,"3763.87"
"Brianna Moss","2016-04-19",184,"3751.87"
"Rosanne George","2017-04-12",834,"3750.87"
"Miriam Baker","2017-05-15",890,"3723.83"
"Brianne Hays","2017-10-01",1160,"3722.98"
"Lina Meadows","2017-07-16",1007,"3720.89"
"Adam Henderson","2017-01-07",641,"3695.47"
"Cesar Jackson","2017-10-23",1200,"3679.98"
"Shay Stephenson","2017-10-05",1171,"3671.71"
"Marcene Curtis","2017-11-17",1250,"3668.93"
"Kaylee English","2018-04-01",1479,"3659.98"
"Lara Guy","2018-02-15",1396,"3659.98"
"Christia Carson","2017-01-22",668,"3658.18"
"Claudio Wise","2017-06-23",972,"3646.98"
"Lavern Orr","2018-03-04",1419,"3644.05"
"Katherina Odom","2018-03-26",1467,"3643.54"
"Harris Pittman","2016-04-04",160,"3642.01"
"Dorine Roberson","2018-04-03",1489,"3636.37"
"Sam Lester","2016-01-18",25,"3633.36"
"Aleta Shepard","2017-02-27",735,"3631.72"
"Tayna Wade","2016-11-22",567,"3628.51"
"Agatha Daniels","2016-10-31",537,"3613.72"
"Georgeann Waller","2016-09-28",464,"3599.99"
"Priscilla Wilkins","2017-11-07",1235,"3599.99"
"Karla Kirk","2018-04-17",1547,"3599.98"
"Sharell Ross","2017-08-19",1075,"3594.86"
"Sebrina Hart","2016-05-11",217,"3591.27"
"Bronwyn Vargas","2016-02-18",82,"3589.57"
"Shawnda Glover","2016-07-17",316,"3586.71"
"Sheila Goodman","2016-08-04",356,"3581.46"
"Mark Garrett","2016-02-06",61,"3570.56"
"Crysta Velez","2017-08-16",1064,"3567.56"
"Shanna Bonner","2016-09-22",453,"3564.97"
"Derrick Marks","2016-09-30",470,"3563.02"
"Rod Hatfield","2018-01-04",1330,"3546.93"
"Petronila Norris","2016-09-05",420,"3540.36"
"Jonell Rivas","2018-03-05",1422,"3535.28"
"Keri Bridges","2016-09-14",435,"3533.03"
"Lanie Dunn","2017-02-27",737,"3531.30"
"Micki Rutledge","2016-03-08",112,"3511.74"
"Hee Greer","2017-01-03",637,"3509.97"
"America Swanson","2016-12-04",586,"3505.77"
"Tricia Daniels","2016-12-19",615,"3502.49"
"Daina Sampson","2016-08-02",348,"3495.66"
"Julius Holt","2017-03-20",791,"3489.97"
"Marjorie Logan","2016-11-19",561,"3486.41"
"Alden Atkinson","2016-12-04",585,"3484.07"
"Catrice Hicks","2016-02-25",91,"3475.84"
"Tina Bush","2016-12-09",602,"3464.02"
"Camille Harvey","2016-07-07",305,"3463.55"
"Alejandrina Hodges","2017-01-06",640,"3447.23"
"Noble Glover","2016-05-12",220,"3443.94"
"Sanora Webster","2017-04-19",850,"3442.81"
"Brenton Whitaker","2016-12-06",591,"3439.94"
"Izola Hobbs","2017-11-23",1261,"3439.46"
"Tam Fisher","2017-10-25",1203,"3439.17"
"Mirella Duffy","2016-08-21",388,"3430.96"
"Hubert Reilly","2016-03-26",144,"3419.98"
"Demarcus Reese","2016-08-08",361,"3403.85"
"Lore Sykes","2017-02-19",724,"3390.47"
"Eloisa Tucker","2017-09-25",1147,"3377.97"
"Neville Mcclain","2016-01-22",35,"3376.60"
"Shery Acosta","2016-04-17",179,"3372.14"
"Shemeka Lyons","2016-09-01",408,"3370.57"
"Vinnie Chan","2016-10-06",486,"3359.97"
"Bonita Marshall","2016-09-03",415,"3359.75"
"Rodrick Shelton","2016-10-11",499,"3349.65"
"Pearlie Cochran","2016-12-03",581,"3347.98"
"Le Deleon","2018-04-25",1582,"3347.97"
"Garret Clay","2017-12-14",1298,"3346.03"
"Tu Ramirez","2018-04-06",1501,"3341.01"
"Barton Cox","2016-10-11",501,"3328.06"
"Charlesetta Soto","2017-04-27",861,"3302.17"
"Steve Bender","2016-04-13",175,"3292.43"
"Camila Carroll","2017-06-17",957,"3292.00"
"Morton Lee","2017-08-07",1045,"3290.77"
"Annabelle Hebert","2017-06-17",956,"3287.32"
"Georgetta Hardin","2018-02-26",1407,"3285.76"
"Patience Clayton","2016-01-08",13,"3278.05"
"Kathie Freeman","2017-10-01",1161,"3278.05"
"Araceli Golden","2016-12-04",582,"3276.34"
"Boyd Irwin","2016-08-16",372,"3271.81"
"Loise Walker","2016-11-09",546,"3270.23"
"Hassan Nash","2016-08-18",379,"3269.98"
"Miranda Kennedy","2017-05-01",870,"3254.99"
"Keri Bridges","2018-04-20",1563,"3254.99"
"Kandace Giles","2017-05-02",871,"3247.25"
"Dorothea Miranda","2017-02-08",702,"3243.75"
"Carisa Carpenter","2016-10-06",489,"3239.98"
"Edda Young","2016-03-30",153,"3238.96"
"Sandy Mills","2018-03-17",1446,"3229.95"
"Barry Albert","2018-03-16",1444,"3227.39"
"Diana Guerra","2018-04-30",1602,"3223.64"
"Darren Witt","2016-01-27",40,"3223.18"
"Divina Madden","2016-05-27",241,"3199.99"
"Tisa Whitney","2017-07-23",1022,"3196.20"
"Emmett Casey","2017-07-30",1032,"3194.08"
"Florencio Davenport","2017-03-23",793,"3191.95"
"Season Harvey","2017-04-16",843,"3185.95"
"Adriene Rollins","2016-07-26",337,"3181.54"
"Deandrea Vega","2017-07-02",989,"3172.44"
"Soledad Moses","2017-07-30",1033,"3168.55"
"Doris Kaufman","2017-05-28",914,"3167.96"
"Terrell Mathis","2016-06-12",269,"3163.04"
"Skye Pope","2017-06-15",948,"3159.93"
"Tarra Guerrero","2016-01-05",11,"3155.96"
"Robby Sykes","2016-03-06",108,"3155.05"
"Latonya Dixon","2018-01-29",1373,"3149.99"
"Pamala Fowler","2017-02-26",733,"3146.46"
"Leila Barr","2016-12-10",605,"3144.33"
"Rolanda Larsen","2017-11-11",1242,"3136.04"
"Monika Berg","2017-08-23",1089,"3127.56"
"Tu Ramirez","2017-09-08",1116,"3126.64"
"Donovan Cantrell","2016-05-13",221,"3126.64"
"Ryan Carter","2016-05-19",230,"3126.64"
"Earline Gordon","2016-06-02",253,"3126.64"
"Chi Goff","2018-04-12",1522,"3125.07"
"Vernon Knowles","2016-12-09",603,"3121.48"
"Marisol Goodman","2016-12-06",588,"3121.13"
"Efren Whitfield","2017-08-22",1088,"3110.86"
"Ehtel Cobb","2017-05-31",921,"3105.96"
"Armand Whitehead","2016-03-19",129,"3104.09"
"Douglass Little","2016-09-09",427,"3092.94"
"Garland Weaver","2016-07-20",324,"3074.21"
"Kecia Olsen","2016-10-10",495,"3065.98"
"Jenee Rasmussen","2017-12-14",1296,"3058.94"
"Queenie Vance","2017-12-31",1323,"3056.96"
"Saran Moses","2016-07-26",336,"3049.98"
"Homer Powers","2018-03-15",1437,"3039.98"
"Tuan Wolfe","2016-03-20",134,"3038.32"
"Waldo Hart","2016-04-21",186,"3032.98"
"Ross Pugh","2017-05-08",879,"3032.74"
"Joesph Delacruz","2018-04-06",1500,"3031.77"
"Marcelino Mcbride","2016-03-19",130,"3027.03"
"Sheree Pena","2017-05-11",883,"3022.87"
"Danyell Dickerson","2016-07-18",319,"3018.29"
"Arvilla Weiss","2017-06-16",952,"3015.97"
"Loyce Conway","2016-12-26",630,"3015.31"
"Felice Guzman","2017-08-09",1050,"3014.93"
"Ophelia Decker","2016-02-10",69,"3014.32"
"Walton Dejesus","2017-06-11",938,"3011.48"
"Victor Pittman","2017-06-27",984,"2991.76"
"Mellisa Kim","2018-01-11",1339,"2975.99"
"Tama Berg","2017-07-23",1025,"2966.64"
"Babara Ochoa","2017-07-19",1013,"2963.98"
"Dexter Roberts","2017-08-19",1077,"2963.98"
"Ezra Fowler","2016-06-15",272,"2958.30"
"Fransisca Nicholson","2016-05-17",225,"2942.98"
"Marlen Dawson","2017-07-31",1038,"2932.48"
"Shayla Hart","2016-07-12",311,"2928.68"
"Carlena Salinas","2016-07-06",302,"2915.11"
"Willis Randolph","2017-10-27",1213,"2899.48"
"Deshawn Mendoza","2017-08-19",1074,"2894.66"
"Agnes Sims","2017-10-12",1178,"2891.75"
"Jeannette Skinner","2017-12-04",1286,"2889.86"
"Garth Huff","2016-08-15",369,"2881.14"
"Orval Hunter","2018-03-15",1441,"2877.77"
"India Barron","2017-07-19",1015,"2873.94"
"Ingeborg Ellison","2016-01-27",41,"2867.28"
"Kirstie Vazquez","2016-05-17",227,"2853.96"
"Hildegarde Christensen","2016-09-23",455,"2849.99"
"Garry Espinoza","2016-09-04",419,"2849.99"
"Armando Black","2017-03-28",803,"2843.07"
"Ami Mcmahon","2017-11-12",1244,"2840.05"
"Penney Hall","2016-05-07",211,"2835.55"
"Dorine Thornton","2017-09-25",1148,"2834.84"
"Cleotilde Booth","2016-02-11",70,"2829.17"
"Etsuko Garrison","2016-09-18",442,"2827.95"
"Alpha King","2016-02-28",97,"2813.56"
"Ping Quinn","2018-03-20",1458,"2804.14"
"Corine Stuart","2016-02-07",64,"2801.93"
"Nakisha Clay","2017-11-09",1239,"2800.30"
"Bao Wade","2016-11-08",545,"2793.05"
"Sunshine Rosario","2017-01-08",644,"2789.99"
"Alesia Horne","2017-02-01",686,"2787.96"
"Elvina Gates","2017-12-15",1299,"2780.55"
"Pamala Henry","2018-04-20",1560,"2775.98"
"Raul Melendez","2017-08-17",1066,"2770.96"
"Shiela Calderon","2017-08-25",1093,"2768.36"
"Andreas Herman","2016-12-30",635,"2754.99"
"Alissa Craft","2016-11-12",550,"2754.99"
"Luis Tyler","2017-08-16",1063,"2749.35"
"Melita Dominguez","2016-05-21",233,"2748.75"
"Rudolf Gilliam","2017-05-27",912,"2747.24"
"Gertrud Rhodes","2016-05-13",222,"2744.08"
"Aisha Woods","2016-11-20",564,"2743.98"
"Sarai Mckee","2018-04-22",1571,"2740.76"
"Louis Powell","2018-02-17",1400,"2738.25"
"Lenita Bonner","2016-11-23",568,"2726.49"
"Williemae Holloway","2016-04-06",162,"2719.73"
"Petronila Gallegos","2017-01-28",676,"2719.48"
"Neil Mccall","2018-04-21",1565,"2719.35"
"Sylvie Wilkerson","2016-08-30",401,"2718.39"
"Roy Chan","2017-02-09",706,"2717.96"
"Renato Morton","2017-08-25",1094,"2716.77"
"Carina Lynch","2017-07-31",1037,"2707.83"
"Shawnna Frank","2017-08-15",1062,"2705.01"
"Rita Bailey","2017-06-18",959,"2701.17"
"Syreeta Hendricks","2018-04-22",1569,"2699.99"
"Houston Vasquez","2016-11-27",576,"2699.99"
"Jeniffer Slater","2018-02-09",1388,"2699.99"
"Zona Cameron","2017-06-19",963,"2696.99"
"Jame Riggs","2016-07-13",312,"2687.14"
"Myung Hooper","2017-07-15",1005,"2681.96"
"Kattie Stevenson","2017-03-06",758,"2681.16"
"Corina Lynch","2016-08-30",402,"2672.69"
"Kim Clark","2017-09-28",1150,"2664.96"
"Natosha Rowland","2017-11-08",1236,"2658.76"
"Erma Salinas","2018-01-06",1332,"2658.15"
"Dann Huff","2016-02-07",63,"2653.07"
"Bea Kane","2017-08-28",1099,"2643.24"
"Ashton Lott","2016-01-18",24,"2635.12"
"Lashawn Ortiz","2017-04-21",852,"2622.58"
"Genny Fields","2017-08-31",1103,"2615.98"
"Aide Franco","2017-09-03",1108,"2605.28"
"Yvette Rogers","2016-06-06",260,"2599.17"
"Nanette Harris","2017-11-26",1270,"2559.99"
"Candis Harding","2017-10-23",1201,"2548.97"
"Violet Valenzuela","2016-04-23",190,"2546.47"
"Tena Cruz","2018-04-08",1508,"2524.15"
"Elmo Sweeney","2017-12-22",1307,"2518.15"
"Lamar Greer","2017-09-25",1146,"2511.46"
"Raphael O'neil","2017-06-26",978,"2509.95"
"Alejandro Norman","2017-02-06",697,"2509.88"
"Lucy Woods","2018-04-19",1557,"2509.14"
"Timothy Byers","2016-08-27",396,"2501.76"
"Michel Blankenship","2017-02-13",713,"2500.44"
"Silas Tate","2016-01-31",50,"2497.96"
"Rubin Decker","2017-12-04",1285,"2484.43"
"Pamelia Newman","2018-08-23",1609,"2483.15"
"Karey Steele","2018-03-31",1477,"2478.40"
"Myrl Gay","2017-06-25",976,"2474.97"
"Devin Velazquez","2016-03-23",140,"2469.96"
"Carman Hardy","2016-05-25",237,"2465.46"
"Lolita O'neill","2017-07-04",990,"2452.95"
"Lea Key","2016-01-12",16,"2449.75"
"Katelin Kennedy","2018-04-05",1494,"2448.95"
"Travis Goodman","2017-07-18",1011,"2446.94"
"Vanda Holmes","2016-09-23",454,"2432.94"
"Mariam Miranda","2016-07-17",317,"2431.17"
"Rochelle Ward","2016-02-16",77,"2427.96"
"Yan Mcgowan","2017-03-03",747,"2426.99"
"Ronald Parsons","2016-10-23",520,"2420.55"
"Joel Wynn","2018-02-05",1380,"2419.76"
"Mercedez Brooks","2016-10-14",504,"2414.96"
"Sherilyn Wilcox","2017-09-15",1128,"2411.47"
"Alexis Mack","2016-11-12",552,"2402.48"
"Carley Reynolds","2016-08-23",392,"2385.96"
"Williemae Holloway","2016-08-03",350,"2380.96"
"Gertrude Terry","2016-02-19",83,"2379.97"
"Ilda Roberson","2017-08-08",1048,"2379.46"
"Ivonne Yang","2017-01-28",678,"2371.16"
"Khalilah Robertson","2017-03-07",760,"2362.16"
"Shasta Combs","2016-12-08",597,"2360.39"
"Clare Neal","2017-11-25",1267,"2357.96"
"Faustino Delacruz","2016-06-03",254,"2346.66"
"Justin Newton","2016-06-25",285,"2337.46"
"Tanesha Hampton","2016-12-21",618,"2335.52"
"Ebony Cotton","2017-06-21",967,"2333.36"
"Bee Baker","2016-09-09",428,"2329.58"
"Mireille Puckett","2018-03-20",1452,"2320.56"
"Eliz Lynch","2016-08-31",406,"2319.99"
"Wanita Davenport","2018-03-22",1461,"2319.98"
"Shea Howell","2017-07-30",1031,"2319.97"
"Angelika Perry","2017-02-18",722,"2319.75"
"Malinda Baxter","2018-01-17",1353,"2312.44"
"Laurette Hebert","2017-12-08",1290,"2309.30"
"Parker Prince","2016-03-29",152,"2299.95"
"Edra Fitzgerald","2017-07-22",1019,"2297.76"
"Moses Pope","2017-05-07",878,"2289.67"
"Agustina Lawrence","2017-04-05",821,"2283.81"
"Kerrie Morton","2017-05-25",908,"2282.97"
"Cleotilde Booth","2016-12-07",593,"2264.97"
"Nanette Roman","2017-04-03",815,"2259.34"
"Justina Jenkins","2017-03-31",808,"2258.12"
"Zelda Pratt","2016-10-29",532,"2252.92"
"Corene Wall","2016-04-20",185,"2249.98"
"Maximina Hutchinson","2017-02-26",734,"2230.55"
"Loan Graham","2017-05-21",902,"2228.25"
"Alica Hunter","2018-04-01",1481,"2222.97"
"Laurence Christian","2016-09-21",450,"2222.87"
"Shanita Wiley","2017-12-25",1314,"2217.64"
"Cira Downs","2016-10-31",536,"2214.05"
"Lavonda Stephenson","2017-01-21",666,"2208.97"
"Dane Mcdaniel","2017-05-05",876,"2205.76"
"Willetta Murphy","2017-12-10",1293,"2200.94"
"Honey Camacho","2017-07-02",988,"2200.86"
"Thad Castro","2016-06-19",277,"2197.95"
"Rory Cooper","2016-10-01",474,"2197.89"
"Tad Gardner","2017-09-30",1154,"2195.57"
"Divina Reeves","2016-10-10",498,"2195.05"
"Willow Gardner","2017-09-24",1143,"2190.57"
"Laureen Paul","2016-01-04",7,"2165.08"
"Manie Sanchez","2016-10-01",475,"2157.92"
"Pasquale Hogan","2016-06-08",261,"2155.17"
"Bennett Armstrong","2017-04-07",826,"2141.68"
"Elanor Patrick","2017-05-19",896,"2136.53"
"Emory O'connor","2018-03-07",1426,"2135.06"
"Carlie Terrell","2016-09-11",431,"2133.93"
"Vernetta Banks","2016-05-12",218,"2123.56"
"Tangela Quinn","2017-08-19",1076,"2120.66"
"Selene Vega","2018-03-06",1423,"2119.26"
"Collen Hayes","2016-12-22",620,"2113.58"
"Bobbie Foster","2017-01-26",673,"2112.30"
"Calandra Stanton","2016-02-21",89,"2100.92"
"Alita Salinas","2017-06-07",933,"2099.96"
"Lamar Bush","2017-12-16",1304,"2093.41"
"Lynne Anderson","2016-08-01",346,"2090.66"
"Neoma Daugherty","2016-01-15",21,"2083.16"
"Toya Pratt","2017-01-11",651,"2082.14"
"Joshua Berg","2016-01-29",47,"2069.45"
"Damian Dawson","2017-08-11",1054,"2069.37"
"Eric Hardin","2017-07-18",1012,"2065.98"
"Mozelle Carter","2017-06-10",935,"2061.75"
"Bridgette Guerra","2017-08-18",1072,"2059.93"
"Trinidad Chapman","2016-02-16",78,"2052.35"
"Lorrie Justice","2016-11-03",540,"2042.06"
"Lucile Manning","2017-11-16",1248,"2032.44"
"Phebe Soto","2016-07-25",335,"2024.06"
"Kenyetta Mason","2018-02-13",1392,"2013.97"
"Kathyrn Bush","2017-02-19",723,"2011.46"
"Lean Stark","2016-12-27",631,"2008.76"
"Kenton Hughes","2017-03-11",773,"2006.06"
"Pamelia Newman","2017-04-07",825,"2004.08"
"Luciano Marsh","2017-04-11",830,"1999.35"
"Angie Powers","2016-09-04",417,"1990.16"
"Qiana Jackson","2017-10-26",1208,"1988.05"
"Mathilda Pennington","2018-02-05",1381,"1987.97"
"Cathey Lamb","2016-02-11",71,"1984.07"
"Yvonne Bean","2016-10-13",503,"1973.73"
"Phylis Adkins","2016-04-18",182,"1972.96"
"Sheri Cole","2016-04-03",156,"1970.59"
"Tonja Henderson","2016-09-08",426,"1964.08"
"Linnie Branch","2018-02-18",1401,"1961.87"
"Thad Gilliam","2016-08-17",377,"1961.08"
"Douglass Blankenship","2017-10-17",1192,"1951.35"
"Shiloh Reeves","2017-04-11",831,"1950.58"
"Dori Alvarez","2017-10-08",1173,"1949.64"
"Merlene Vinson","2018-04-15",1539,"1937.96"
"Kristel Byrd","2016-08-17",376,"1934.96"
"Aleta Mack","2016-08-20",383,"1929.51"
"Rosalie Coffey","2016-10-09",493,"1926.58"
"Chanel May","2016-02-04",55,"1904.46"
"Vernell Goff","2017-06-30",986,"1902.56"
"Majorie Glover","2017-09-29",1151,"1899.98"
"Alica Hunter","2016-11-06",543,"1899.17"
"Josie Schultz","2016-10-02",477,"1894.54"
"Jong Guthrie","2016-12-06",592,"1891.11"
"Marina Hinton","2017-04-13",835,"1885.88"
"Dacia William","2016-04-11",173,"1876.46"
"Lynda Newman","2017-11-05",1230,"1868.96"
"Shanti Johnston","2017-04-03",816,"1863.97"
"Nestor Haynes","2017-03-18",788,"1860.58"
"Maple Griffin","2017-02-19",727,"1856.61"
"Hugh Craft","2017-06-11",939,"1856.08"
"Genevie Miles","2017-11-27",1272,"1850.06"
"Kandi Mcneil","2017-03-16",784,"1847.06"
"Jeffrey Hill","2017-11-22",1260,"1845.88"
"Liliana Kerr","2016-11-12",553,"1841.62"
"Ferne Kline","2016-09-02",411,"1837.47"
"Tomeka Higgins","2016-06-21",280,"1832.06"
"Shauna Edwards","2016-08-01",345,"1831.18"
"Lurlene Finch","2017-04-29",866,"1829.67"
"Jama Rodriquez","2017-03-16",783,"1818.45"
"Cesar Wilkins","2016-02-12",72,"1806.41"
"Garry Juarez","2017-05-14",888,"1805.97"
"Klara Kim","2017-01-22",667,"1804.86"
"Jesica Fields","2017-02-02",688,"1800.48"
"Shenna Benton","2018-01-16",1351,"1797.98"
"Hortencia O'neil","2018-02-13",1391,"1793.76"
"Jamaal Baker","2016-02-01",51,"1786.47"
"Theo Reese","2016-06-04",256,"1769.38"
"Ezra Silva","2016-03-23",139,"1765.13"
"Daryl Spence","2017-11-21",1259,"1763.19"
"Inge Olsen","2016-02-04",54,"1759.98"
"Rodger Rojas","2016-11-20",563,"1758.51"
"Freddie Mathis","2017-03-04",750,"1755.37"
"Evelina Byrd","2017-04-02",814,"1754.15"
"Ghislaine Compton","2016-12-24",624,"1754.05"
"Myrtle Gardner","2017-11-05",1231,"1753.77"
"Cheryll Snyder","2016-09-28",465,"1745.96"
"Pandora Estes","2016-09-18",443,"1734.93"
"Keri Bridges","2016-09-01",407,"1734.93"
"Linnie Branch","2018-04-02",1483,"1730.27"
"Merlene Vinson","2016-10-28",531,"1720.97"
"Cristobal Hutchinson","2017-09-21",1138,"1716.55"
"Elvera Peck","2016-04-11",171,"1709.99"
"Luke Fuller","2016-09-01",409,"1709.37"
"Mariana Strong","2018-04-13",1531,"1709.10"
"Lurline Rivers","2016-06-10",266,"1708.37"
"Mark Benton","2016-03-08",114,"1705.96"
"Rodney Odom","2016-02-05",59,"1703.68"
"Jaqueline Cummings","2016-01-01",2,"1697.97"
"Brain Skinner","2016-08-11",363,"1694.06"
"Carolyne Conley","2017-01-23",669,"1692.57"
"Leticia Snyder","2016-02-28",98,"1692.54"
"Serina Hensley","2017-08-12",1057,"1690.66"
"Cyndi Bush","2018-03-31",1478,"1681.97"
"Vivian Deleon","2018-01-12",1342,"1681.48"
"Myron Johns","2016-12-24",623,"1673.99"
"Denis Logan","2018-04-07",1503,"1673.97"
"Marshall Johnson","2018-03-30",1474,"1669.98"
"Eliz Whitney","2017-10-23",1199,"1662.05"
"Cyndi Dyer","2017-07-12",999,"1655.07"
"Hilary Savage","2017-03-05",751,"1652.98"
"Thanh Figueroa","2016-11-18",560,"1649.97"
"Danilo Holmes","2016-05-04",204,"1646.38"
"Gwenn Melton","2016-03-10",117,"1644.52"
"Catherine Miles","2017-07-11",997,"1635.55"
"Inez Snider","2016-05-12",219,"1626.78"
"Angelina Lloyd","2016-05-11",216,"1625.96"
"Loni Duncan","2016-04-02",155,"1619.99"
"Sherise Mercer","2017-09-22",1141,"1619.99"
"Kimberli Cline","2016-02-25",92,"1619.99"
"Bernita Mcdaniel","2018-04-15",1537,"1614.98"
"Krystin Marshall","2017-07-09",994,"1613.39"
"Nikita Roy","2017-08-18",1073,"1611.07"
"Georgetta Hardin","2016-12-11",606,"1605.08"
"Holly Nieves","2017-02-28",742,"1601.37"
"Boyce Burks","2017-01-28",675,"1600.09"
"Earline Ballard","2016-11-27",577,"1599.98"
"Consuela Romero","2017-08-20",1082,"1599.98"
"Gussie Harding","2017-10-08",1174,"1595.67"
"Neida King","2017-10-07",1172,"1590.85"
"Charleen Joyner","2017-03-01",745,"1585.16"
"Heide Reed","2016-07-19",323,"1582.16"
"Mariela Huffman","2016-02-13",74,"1577.07"
"Jerri Henry","2017-08-19",1081,"1576.78"
"Verdell Joyner","2017-10-28",1217,"1567.47"
"Darcie Morgan","2017-07-12",998,"1567.17"
"Emmitt Sanchez","2016-08-03",352,"1560.78"
"Terese Briggs","2016-11-23",569,"1559.97"
"Marissa Summers","2017-06-19",962,"1556.78"
"Basil Ballard","2017-07-11",995,"1553.97"
"Takako Casey","2018-01-22",1360,"1551.34"
"Manie Maxwell","2017-03-09",768,"1546.38"
"Christia Wilkins","2016-02-20",84,"1543.76"
"Nubia Anderson","2018-02-02",1379,"1538.96"
"Mary Singleton","2017-10-14",1184,"1536.12"
"Elana Miles","2016-01-27",43,"1530.96"
"Han Schneider","2016-03-28",149,"1525.16"
"Onita Macdonald","2016-10-07",490,"1525.15"
"Joshua Robertson","2016-01-02",3,"1519.98"
"Gayla Sims","2018-03-11",1432,"1519.20"
"Guillermo Hart","2016-10-19",514,"1516.34"
"Jeffry Church","2017-08-27",1096,"1512.89"
"Dalia Carson","2016-02-04",57,"1509.47"
"Myrtie James","2016-05-04",205,"1502.96"
"Davis Long","2016-11-19",562,"1499.97"
"Rosa Kinney","2016-02-21",87,"1499.97"
"Ulrike Chan","2017-07-14",1004,"1499.38"
"Anya Contreras","2017-10-26",1206,"1497.48"
"Pearl Fox","2017-09-15",1127,"1494.96"
"Charleen Hurst","2016-07-09",306,"1490.29"
"Roseanne Maynard","2016-10-29",535,"1485.46"
"Graciela Barber","2016-10-09",492,"1478.96"
"Gilma Dejesus","2016-07-11",309,"1472.48"
"Barry Buckner","2017-07-22",1018,"1467.96"
"Delana Wagner","2017-09-04",1111,"1464.26"
"Katharine Herrera","2016-03-23",138,"1455.97"
"Grace Madden","2016-12-06",587,"1450.02"
"Geraldine O'donnell","2017-03-31",809,"1441.17"
"Maurice Norton","2018-01-21",1358,"1439.98"
"Zella Fernandez","2017-05-27",913,"1422.96"
"Emelda Dickerson","2017-08-17",1070,"1422.48"
"Carter Booth","2017-12-01",1278,"1416.57"
"Kelsey Noble","2016-05-10",215,"1407.55"
"Nichelle Howell","2016-09-21",448,"1405.96"
"Ira Moore","2017-04-09",829,"1402.77"
"Ivette Estes","2016-12-20",616,"1399.98"
"Kristy Watkins","2018-03-19",1451,"1396.49"
"Alane Kennedy","2016-06-29",291,"1395.16"
"Jonna Brown","2017-03-12",775,"1394.99"
"Kasha Todd","2018-04-09",1509,"1394.98"
"Christopher Richardson","2018-01-19",1354,"1394.98"
"Desire Mcgowan","2018-02-16",1398,"1392.27"
"Susannah Fields","2016-02-09",66,"1390.47"
"Devin Shaffer","2017-09-30",1153,"1389.77"
"Birdie Kramer","2016-10-06",485,"1382.97"
"Latasha Hays","2016-03-03",104,"1378.19"
"Jeannie Wilcox","2016-02-17",80,"1378.18"
"Leslie Higgins","2016-01-04",8,"1372.47"
"Philip Bryan","2017-10-30",1218,"1368.07"
"Kaila Walters","2017-11-25",1266,"1367.98"
"Chloe Patel","2017-05-29",917,"1367.09"
"Taylor Cole","2016-12-16",612,"1364.94"
"Inger Jennings","2016-06-23",284,"1359.98"
"Janelle Maldonado","2017-10-15",1188,"1353.75"
"Tessie Farmer","2016-09-08",425,"1351.72"
"Nova Hess","2016-01-03",4,"1349.98"
"Laci Castro","2017-01-29",683,"1349.98"
"Mila Good","2016-09-25",459,"1344.79"
"Lizzette Stein","2018-04-14",1535,"1339.47"
"Romaine Haley","2016-02-23",90,"1337.08"
"Bart Hess","2016-09-19",446,"1331.97"
"Evelin Vargas","2016-10-06",488,"1328.65"
"Domingo Casey","2017-05-01",868,"1311.29"
"Romaine Salazar","2016-08-01",344,"1307.62"
"Everett Vega","2017-11-19",1256,"1304.98"
"Onita Johns","2017-11-18",1253,"1303.06"
"Beryl Bennett","2017-07-11",996,"1301.47"
"Arie Hunter","2017-07-16",1008,"1287.57"
"Sally Kinney","2017-05-16",893,"1285.97"
"Venessa Frost","2017-01-16",656,"1279.06"
"Julienne Moody","2017-06-24",974,"1277.97"
"Ethelyn Ray","2016-06-12",270,"1276.98"
"Augustus Schmidt","2016-10-23",521,"1272.78"
"Zulema Browning","2016-03-07",111,"1265.97"
"Joann Barber","2016-05-30",247,"1264.98"
"Julee Woodard","2016-10-11",500,"1260.97"
"Agatha Melton","2017-05-31",923,"1258.97"
"Parthenia Figueroa","2018-02-25",1406,"1257.97"
"Sommer Hopkins","2017-03-06",756,"1256.09"
"Jeniffer Ratliff","2016-04-22",187,"1254.94"
"Cayla Johnson","2018-03-25",1465,"1253.98"
"Charise Burt","2017-12-25",1312,"1250.86"
"Shirely Cantrell","2016-07-28",339,"1249.97"
"Carline Collier","2018-04-03",1490,"1248.97"
"Greta Page","2018-03-20",1455,"1245.97"
"Edith Davenport","2017-12-25",1313,"1243.78"
"Destiny Goodman","2016-04-12",174,"1240.18"
"Hope Cotton","2017-08-21",1085,"1238.57"
"Adrien Hunter","2017-10-17",1193,"1234.97"
"Cami Williamson","2017-10-26",1207,"1233.67"
"Rubye Mccall","2016-06-30",293,"1229.09"
"Kiesha Bond","2018-02-01",1376,"1228.52"
"Martha Burgess","2017-08-19",1079,"1227.58"
"Jayne Kirkland","2017-06-02",924,"1226.38"
"Elease Dejesus","2017-04-28",864,"1217.26"
"Mechelle Chan","2017-11-10",1241,"1210.27"
"Alma Peck","2018-01-29",1372,"1209.47"
"Clementina Sargent","2017-04-06",822,"1208.48"
"Bennett Armstrong","2018-04-28",1594,"1205.97"
"Tiana Henderson","2016-02-05",58,"1200.54"
"Phylicia Stout","2016-08-03",353,"1199.98"
"Delana Scott","2016-11-02",538,"1199.98"
"Jacquline Duncan","2018-04-12",1523,"1199.98"
"Marcell Barrett","2017-04-29",865,"1197.07"
"Tammera Fischer","2016-08-26",394,"1196.97"
"Debbra Jacobson","2017-05-06",877,"1194.28"
"Yun Nelson","2016-09-16",436,"1189.98"
"Latricia Lindsey","2017-03-19",789,"1174.57"
"Jaimee Day","2017-01-09",647,"1172.97"
"Chere Hardin","2016-11-06",544,"1165.08"
"Ollie Zimmerman","2018-04-13",1530,"1160.97"
"Alec Peck","2016-08-17",378,"1139.98"
"Suellen Mercado","2016-09-06",422,"1139.98"
"Kerrie O'neill","2017-04-12",833,"1139.98"
"Tomika Larson","2016-01-25",37,"1139.98"
"Chere Alston","2017-03-23",795,"1139.96"
"Genoveva Baldwin","2018-03-21",1459,"1133.91"
"Zina Bonner","2017-01-29",679,"1132.97"
"Jutta Everett","2017-08-10",1051,"1127.99"
"Leeanne Cross","2016-12-15",611,"1115.98"
"Kaylee English","2017-09-03",1109,"1115.98"
"Nathaniel Davidson","2016-02-04",56,"1115.98"
"Graciela Barber","2018-04-24",1580,"1114.17"
"Jessika Bray","2017-12-28",1320,"1113.27"
"Tangela Hurley","2016-01-16",22,"1104.47"
"Cecelia Gill","2017-06-21",969,"1101.68"
"Lakenya Oliver","2017-12-08",1289,"1099.48"
"Mellisa Farley","2017-06-10",936,"1096.18"
"Romana Barnes","2017-05-31",922,"1094.98"
"Titus Bullock","2016-09-04",418,"1092.48"
"Angele Castro","2017-12-11",1294,"1082.97"
"Lucy Woods","2016-04-16",177,"1079.98"
"Monika Berg","2018-04-21",1564,"1079.98"
"Alanna Barry","2016-09-23",456,"1076.93"
"Lanelle Guerra","2016-05-01",200,"1072.16"
"Diana Reyes","2017-09-19",1134,"1064.68"
"Tilda Melton","2017-10-02",1165,"1063.89"
"Venus Hewitt","2016-05-28",244,"1060.55"
"Patsy Russo","2017-07-16",1009,"1060.17"
"Sharla Flynn","2017-05-26",909,"1056.79"
"Patria Harper","2018-03-08",1429,"1055.98"
"Tisha Petty","2016-12-07",594,"1052.97"
"Cherelle Key","2017-07-26",1027,"1052.96"
"Arminda Weber","2017-04-23",856,"1044.98"
"Sebrina Gross","2016-08-03",355,"1042.17"
"Zenia Bruce","2018-03-14",1436,"1041.58"
"Rodrigo Durham","2017-09-30",1156,"1037.37"
"Phyllis Hill","2016-06-27",289,"1034.28"
"Virgil Frost","2017-10-03",1166,"1026.70"
"Rayford Simon","2018-03-04",1417,"1023.98"
"Christel Cardenas","2016-08-13",365,"1022.98"
"Mandi Gibbs","2016-10-28",529,"1022.98"
"Jewell Reyes","2017-11-20",1258,"1019.96"
"Christoper Gould","2016-07-09",307,"1006.98"
"Saturnina Garner","2018-07-12",1608,"1006.98"
"Nicki Fry","2016-12-06",589,"1006.98"
"Susann Bass","2017-03-07",759,"1001.61"
